dfid-mm.xml,GB-1-200907,http://iati.dfid.gov.uk/iati_documents/3715334.odt,31120
dfid-mm.xml,GB-1-201239,http://iati.dfid.gov.uk/iati_documents/4649605.odt,31120
dfid-mm.xml,GB-1-201239,http://iati.dfid.gov.uk/iati_documents/5211756.odt,31120
dfid-mm.xml,GB-1-201239,http://iati.dfid.gov.uk/iati_documents/5354394.xlsx,31120
dfid-mm.xml,GB-1-201724,http://iati.dfid.gov.uk/iati_documents/3718415.odt,31210
dfid-mm.xml,GB-1-201724,http://iati.dfid.gov.uk/iati_documents/4445967.xlsx,31210
dfid-mm.xml,GB-1-201724,http://iati.dfid.gov.uk/iati_documents/4722820.odt,31210
dfid-mm.xml,GB-1-201800,http://iati.dfid.gov.uk/iati_documents/2909088.xls,31120
dfid-mm.xml,GB-1-201800,http://iati.dfid.gov.uk/iati_documents/3574363.odt,31120
dfid-mm.xml,GB-1-202921,http://iati.dfid.gov.uk/iati_documents/4631597.odt,31130
dfid-mm.xml,GB-1-202921,http://iati.dfid.gov.uk/iati_documents/5218193.xls,31130